twosides_drug_id,matched_drugbank_id,matched_drugbank_name,match_method
CID000002173,DB00415,Ampicillin,Connectivity InChIKey
CID000003345,DB00813,Fentanyl,PubChem CID
CID000005206,DB01236,Sevoflurane,PubChem CID
CID000009433,DB01223,Aminophylline,PubChem CID
CID000003929,DB00601,Linezolid,Connectivity InChIKey
CID000150610,DB00303,Ertapenem,PubChem CID
CID000001302,DB00788,Naproxen,Connectivity InChIKey
CID000005064,DB00811,Ribavirin,Connectivity InChIKey
CID000005267,DB00421,Spironolactone,Connectivity InChIKey
CID000010631,,,Unmatched
CID000004601,DB01173,Orphenadrine,PubChem CID
CID000005376,DB00675,Tamoxifen,Connectivity InChIKey
CID000005090,DB00533,Rofecoxib,PubChem CID
CID000005556,DB00897,Triazolam,PubChem CID
CID000004946,DB00571,Propranolol,PubChem CID
CID000130881,,,Unmatched
CID000005391,DB00231,Temazepam,PubChem CID
CID000005584,DB00726,Trimipramine,PubChem CID
CID000002802,DB01068,Clonazepam,PubChem CID
CID005381226,DB01045,Rifampin,PubChem CID
CID000004212,DB01204,Mitoxantrone,PubChem CID
CID000060953,DB01101,Capecitabine,PubChem CID
CID000000596,DB00987,Cytarabine,Connectivity InChIKey
CID000005726,DB00495,Zidovudine,Connectivity InChIKey
CID000002522,DB02300,Calcipotriol,Connectivity InChIKey
CID000003308,DB00749,Etodolac,PubChem CID
CID000003405,DB00158,Folic acid,Connectivity InChIKey
CID000060795,DB01238,Aripiprazole,PubChem CID
CID000003446,DB00996,Gabapentin,PubChem CID
CID004183806,DB00929,Misoprostol,Connectivity InChIKey
CID000004107,DB00423,Methocarbamol,PubChem CID
CID000004917,DB00433,Prochlorperazine,PubChem CID
CID000003161,,,Unmatched
CID000071329,DB00204,Dofetilide,PubChem CID
CID000003823,DB01026,Ketoconazole,PubChem CID
CID000003911,,,Unmatched
CID000054454,DB00641,Simvastatin,PubChem CID
CID000002156,DB01118,Amiodarone,Connectivity InChIKey
CID000004411,DB01203,Nadolol,Connectivity InChIKey
CID000002907,DB00531,Cyclophosphamide,PubChem CID
CID000004192,DB00683,Midazolam,PubChem CID
CID000083786,,,Unmatched
CID000003348,DB00950,Fexofenadine,PubChem CID
CID000000838,DB00668,Epinephrine,Connectivity InChIKey
CID000002617,DB01327,Cefazolin,Connectivity InChIKey
CID000001986,DB00819,Acetazolamide,PubChem CID
CID000006691,,,Unmatched
CID000004920,DB00396,Progesterone,Connectivity InChIKey
CID000005478,DB00373,Timolol,Connectivity InChIKey
CID006398525,,,Unmatched
CID000003937,DB00722,Lisinopril,Connectivity InChIKey
CID005311048,,,Unmatched
CID000004158,DB00422,Methylphenidate,PubChem CID
CID000005523,DB00193,Tramadol,Full InChIKey
CID000003696,DB00458,Imipramine,PubChem CID
CID000004112,DB00563,Methotrexate,Connectivity InChIKey
CID000003899,DB01097,Leflunomide,PubChem CID
CID000004473,DB00622,Nicardipine,Connectivity InChIKey
CID000000853,DB00451,Levothyroxine,Connectivity InChIKey
CID005311181,DB01088,Iloprost,PubChem CID
CID000032797,DB11750,Clobetasol,Connectivity InChIKey
CID000059708,DB11868,Etiracetam,PubChem CID
CID000003826,DB00465,Ketorolac,PubChem CID
CID000003143,DB01248,Docetaxel,Connectivity InChIKey
CID000004736,DB00652,Pentazocine,Full InChIKey
CID000005038,DB00178,Ramipril,Connectivity InChIKey
CID000005039,DB00863,Ranitidine,Full InChIKey
CID000005005,DB00881,Quinapril,Connectivity InChIKey
CID005493444,DB09026,Aliskiren,PubChem CID
CID000003261,DB01215,Estazolam,PubChem CID
CID000003746,DB00332,Ipratropium,Connectivity InChIKey
CID000028112,,,Unmatched
CID000002162,DB00381,Amlodipine,PubChem CID
CID000003386,DB00472,Fluoxetine,PubChem CID
CID000004259,DB00218,Moxifloxacin,Connectivity InChIKey
CID000119607,DB00580,Valdecoxib,PubChem CID
CID000087177,,,Unmatched
CID000003957,DB00455,Loratadine,PubChem CID
CID000004509,DB00698,Nitrofurantoin,Connectivity InChIKey
CID000004595,DB00904,Ondansetron,PubChem CID
CID000104865,DB00559,Bosentan,PubChem CID
CID000002666,DB00567,Cephalexin,Connectivity InChIKey
CID000003007,DB00182,Amphetamine,PubChem CID
CID000004506,DB01595,Nitrazepam,PubChem CID
CID000003559,DB00502,Haloperidol,PubChem CID
CID000004909,DB00794,Primidone,PubChem CID
CID000060831,DB01409,Tiotropium,Connectivity InChIKey
CID000002520,DB00661,Verapamil,PubChem CID
CID000060852,DB00710,Ibandronate,PubChem CID
CID000060854,DB00246,Ziprasidone,PubChem CID
CID000004889,DB00175,Pravastatin,Connectivity InChIKey
CID000003958,DB00186,Lorazepam,PubChem CID
CID005353980,,,Unmatched
CID000005505,DB01124,Tolbutamide,PubChem CID
CID000216326,DB00480,Lenalidomide,PubChem CID
CID000038904,DB00958,Carboplatin,PubChem CID
CID005281007,,,Unmatched
CID000004485,DB01115,Nifedipine,PubChem CID
CID000004539,DB01059,Norfloxacin,PubChem CID
CID000005245,DB00884,Risedronic acid,PubChem CID
CID000176870,DB00530,Erlotinib,PubChem CID
CID000039765,DB01339,Vecuronium,PubChem CID
CID000041774,,,Unmatched
CID000667490,DB01033,Mercaptopurine,PubChem CID
CID000004635,DB00497,Oxycodone,Connectivity InChIKey
CID000065999,DB00966,Telmisartan,PubChem CID
CID000005656,DB00285,Venlafaxine,PubChem CID
CID000005650,DB00177,Valsartan,Connectivity InChIKey
CID000005651,DB00512,Vancomycin,Connectivity InChIKey
CID000004510,DB00727,Nitroglycerin,PubChem CID
CID000002554,DB00564,Carbamazepine,PubChem CID
CID000005717,DB00549,Zafirlukast,PubChem CID
CID000002650,DB00438,Ceftazidime,Connectivity InChIKey
CID000003222,DB00584,Enalapril,Connectivity InChIKey
CID000003749,DB01029,Irbesartan,PubChem CID
CID000004201,DB00350,Minoxidil,PubChem CID
CID000003440,DB00695,Furosemide,PubChem CID
CID005481350,DB00300,Tenofovir disoproxil,PubChem CID
CID000002909,DB00091,Cyclosporine,Connectivity InChIKey
CID000057469,DB00724,Imiquimod,PubChem CID
CID000003075,DB00343,Diltiazem,Connectivity InChIKey
CID000027661,DB01020,Isosorbide mononitrate,PubChem CID
CID000005647,DB00577,Valaciclovir,Connectivity InChIKey
CID000123620,DB00764,Mometasone,Connectivity InChIKey
CID000000271,DB14577,Calcium cation,Full InChIKey
CID000002405,DB00612,Bisoprolol,PubChem CID
CID000003016,DB00829,Diazepam,PubChem CID
CID000004189,DB01110,Miconazole,PubChem CID
CID000003750,DB00762,Irinotecan,Connectivity InChIKey
CID000004666,DB01229,Paclitaxel,Connectivity InChIKey
CID000004173,DB00916,Metronidazole,PubChem CID
CID000005538,DB00755,Tretinoin,PubChem CID
CID000004159,DB00959,Methylprednisolone,Connectivity InChIKey
CID005311297,,,Unmatched
CID000001065,DB00468,Quinine,Connectivity InChIKey
CID000002576,DB00395,Carisoprodol,PubChem CID
CID000002541,DB13919,Candesartan,PubChem CID
CID000002585,DB01136,Carvedilol,PubChem CID
CID000004543,DB00540,Nortriptyline,PubChem CID
CID000004599,DB01083,Orlistat,Connectivity InChIKey
CID000019090,DB19378,Megestrol,Connectivity InChIKey
CID000003640,DB00741,Hydrocortisone,Connectivity InChIKey
CID000005512,DB01036,Tolterodine,Connectivity InChIKey
CID000005533,DB00656,Trazodone,PubChem CID
CID000077999,DB00412,Rosiglitazone,PubChem CID
CID000002022,DB00787,Acyclovir,PubChem CID
CID000002092,DB00346,Alfuzosin,PubChem CID
CID000000206,DB02379,Beta-D-Glucose,Connectivity InChIKey
CID000003793,DB01167,Itraconazole,Connectivity InChIKey
CID000036339,DB00292,Etomidate,Connectivity InChIKey
CID000000450,DB00783,Estradiol,Connectivity InChIKey
CID000002678,DB00341,Cetirizine,PubChem CID
CID000004927,DB01069,Promethazine,PubChem CID
CID000002756,DB00501,Cimetidine,PubChem CID
CID000002803,DB00575,Clonidine,PubChem CID
CID000005672,DB00361,Vinorelbine,Connectivity InChIKey
CID000060835,DB00476,Duloxetine,PubChem CID
CID000005530,DB00752,Tranylcypromine,PubChem CID
CID000003657,DB01005,Hydroxyurea,PubChem CID
CID000003890,DB00654,Latanoprost,Connectivity InChIKey
CID004475485,,,Unmatched
CID000002088,DB00630,Alendronic acid,PubChem CID
CID000156419,DB01012,Cinacalcet,PubChem CID
CID000004034,DB00737,Meclizine,PubChem CID
CID000004451,DB00220,Nelfinavir,Connectivity InChIKey
CID000002891,,,Unmatched
CID000060865,DB00768,Olopatadine,Connectivity InChIKey
CID000004893,DB00457,Prazosin,PubChem CID
CID000005358,DB00669,Sumatriptan,PubChem CID
CID000004894,DB00860,Prednisolone,Connectivity InChIKey
CID000005234,DB09153,Sodium chloride,PubChem CID
CID000002578,DB00262,Carmustine,PubChem CID
CID006447131,DB00337,Pimecrolimus,Connectivity InChIKey
CID000002118,DB00404,Alprazolam,PubChem CID
CID000003715,DB00328,Indomethacin,PubChem CID
CID000004264,DB00410,Mupirocin,Connectivity InChIKey
CID000003062,DB00390,Digoxin,Connectivity InChIKey
CID000003825,DB01009,Ketoprofen,PubChem CID
CID000004052,,,Unmatched
CID000002487,DB00611,Butorphanol,Connectivity InChIKey
CID000216239,DB00398,Sorafenib,PubChem CID
CID000003152,DB00843,Donepezil,PubChem CID
CID000027686,,,Unmatched
CID000004723,DB01230,Pemoline,PubChem CID
CID000003883,DB00448,Lansoprazole,PubChem CID
CID000003157,DB00590,Doxazosin,PubChem CID
CID000003154,DB00869,Dorzolamide,Connectivity InChIKey
CID000000214,DB00770,Alprostadil,Connectivity InChIKey
CID000003003,DB00443,Betamethasone,Connectivity InChIKey
CID000003158,DB01142,Doxepin,Full InChIKey
CID000003333,DB01023,Felodipine,PubChem CID
CID006398970,DB00535,Cefdinir,Connectivity InChIKey
CID000003648,DB00327,Hydromorphone,Connectivity InChIKey
CID000000772,,,Unmatched
CID003081884,,,Unmatched
CID000005544,DB00620,Triamcinolone,Connectivity InChIKey
CID000003365,DB00196,Fluconazole,PubChem CID
CID000060147,DB00706,Tamsulosin,Connectivity InChIKey
CID000002609,DB00833,Cefaclor,Connectivity InChIKey
CID000004594,DB00338,Omeprazole,PubChem CID
CID000002656,DB01212,Ceftriaxone,Connectivity InChIKey
CID000002662,DB00482,Celecoxib,PubChem CID
CID000003661,DB00424,Hyoscyamine,Connectivity InChIKey
CID000004419,DB00844,Nalbuphine,Connectivity InChIKey
CID000004679,DB00213,Pantoprazole,PubChem CID
CID000005210,DB01105,Sibutramine,PubChem CID
CID000005203,DB01104,Sertraline,Connectivity InChIKey
CID000003043,DB00900,Didanosine,Connectivity InChIKey
CID000124087,DB00967,Desloratadine,PubChem CID
CID000003516,DB00874,Guaifenesin,PubChem CID
CID000003510,DB00889,Granisetron,Connectivity InChIKey
CID000005040,DB00877,Sirolimus,Connectivity InChIKey
CID000152945,DB01126,Dutasteride,Connectivity InChIKey
CID000003404,DB00176,Fluvoxamine,PubChem CID
CID000003324,DB00426,Famciclovir,PubChem CID
CID000003325,DB00927,Famotidine,PubChem CID
CID000004900,DB00635,Prednisone,Connectivity InChIKey
CID000004856,,,Unmatched
CID000122316,DB01367,Rasagiline,Connectivity InChIKey
CID000004054,DB01043,Memantine,PubChem CID
CID000003255,DB00199,Erythromycin,Connectivity InChIKey
CID000005077,DB00989,Rivastigmine,Connectivity InChIKey
CID000005095,DB00268,Ropinirole,PubChem CID
CID000003878,DB00555,Lamotrigine,PubChem CID
CID000004058,DB00454,Meperidine,PubChem CID
CID000002244,DB00945,Acetylsalicylic acid,PubChem CID
CID000054374,,,Unmatched
CID000060843,DB00642,Pemetrexed,Connectivity InChIKey
CID000160051,,,Unmatched
CID000002771,DB00215,Citalopram,PubChem CID
CID000005735,DB01198,Zopiclone,PubChem CID
CID000003279,DB00330,Ethambutol,Connectivity InChIKey
CID005311039,,,Unmatched
CID000004253,DB00295,Morphine,Connectivity InChIKey
CID000004497,DB00393,Nimodipine,PubChem CID
CID004659568,DB00494,Entacapone,Connectivity InChIKey
CID000005732,DB00425,Zolpidem,PubChem CID
CID000004499,DB00401,Nisoldipine,PubChem CID
CID000062924,DB13867,Fluticasone,Connectivity InChIKey
CID000000453,DB00742,Mannitol,Connectivity InChIKey
CID000000159,DB01240,Epoprostenol,Connectivity InChIKey
CID000005035,DB00481,Raloxifene,PubChem CID
CID000163742,DB00569,Fondaparinux,Connectivity InChIKey
CID000003419,DB00492,Fosinopril,Connectivity InChIKey
CID000443871,,,Unmatched
CID000002800,DB00882,Clomifene,PubChem CID
CID000002806,DB00758,Clopidogrel,Connectivity InChIKey
CID000005379,DB01044,Gatifloxacin,PubChem CID
CID000054688,DB01211,Clarithromycin,Connectivity InChIKey
CID000012536,DB01260,Desonide,Connectivity InChIKey
CID000123606,DB00918,Almotriptan,PubChem CID
CID000004463,DB00238,Nevirapine,PubChem CID
CID000005487,DB00697,Tizanidine,PubChem CID
CID000036811,DB00841,Dobutamine,PubChem CID
CID000005734,DB00909,Zonisamide,PubChem CID
CID000003463,DB01241,Gemfibrozil,PubChem CID
CID000004583,DB01165,Ofloxacin,PubChem CID
CID000000598,DB09110,Coenzyme M,PubChem CID
CID000002284,DB00181,Baclofen,PubChem CID
CID000005029,DB01129,Rabeprazole,PubChem CID
CID000003639,DB00999,Hydrochlorothiazide,PubChem CID
CID003085017,DB00658,Sevelamer,PubChem CID
CID005281104,DB00910,Paricalcitol,PubChem CID
CID000004829,DB01132,Pioglitazone,PubChem CID
CID000003385,DB00544,Fluorouracil,PubChem CID
CID000060198,DB00990,Exemestane,PubChem CID
CID000005195,DB01037,Selegiline,Connectivity InChIKey
CID000003203,DB00625,Efavirenz,Connectivity InChIKey
CID000003877,DB00709,Lamivudine,Connectivity InChIKey
CID000003954,DB00836,Loperamide,Connectivity InChIKey
CID000002153,DB00277,Theophylline,PubChem CID
CID000077993,DB00216,Eletriptan,PubChem CID
CID000002732,DB00310,Chlorthalidone,PubChem CID
CID000005155,DB00649,Stavudine,Connectivity InChIKey
CID000005152,DB00938,Salmeterol,PubChem CID
CID003468412,,,Unmatched
CID000005645,DB01586,Ursodeoxycholic acid,Connectivity InChIKey
CID000071616,DB00582,Voriconazole,PubChem CID
CID000074989,DB01117,Atovaquone,PubChem CID
CID000003676,DB00281,Lidocaine,PubChem CID
CID000003367,DB01073,Fludarabine,Connectivity InChIKey
CID000003672,DB01050,Ibuprofen,PubChem CID
CID000003734,DB08947,Iopamidol,Connectivity InChIKey
CID000003736,DB09156,Iopromide,PubChem CID
CID000003730,DB01362,Iohexol,PubChem CID
CID000002726,DB00477,Chlorpromazine,PubChem CID
CID000003393,DB00690,Flurazepam,PubChem CID
CID000004999,DB01589,Quazepam,PubChem CID
CID005329102,DB01268,Sunitinib,PubChem CID
CID000004547,DB00912,Repaglinide,Connectivity InChIKey
CID000004691,DB00715,Paroxetine,Connectivity InChIKey
CID000002471,DB00887,Bumetanide,PubChem CID
CID000003305,DB01077,Etidronic acid,PubChem CID
CID000002631,DB00493,Cefotaxime,Connectivity InChIKey
CID000003410,DB00983,Formoterol,PubChem CID
CID000003449,DB00674,Galantamine,Connectivity InChIKey
CID000002083,DB01001,Albuterol,PubChem CID
CID000001690,DB00445,Epirubicin,Connectivity InChIKey
CID000005731,DB00315,Zolmitriptan,Connectivity InChIKey
CID000004046,DB00358,Mefloquine,PubChem CID
CID000001972,DB00681,Amphotericin B,Connectivity InChIKey
CID000002171,DB01060,Amoxicillin,Connectivity InChIKey
CID000003403,DB01095,Fluvastatin,Connectivity InChIKey
CID000005746,DB00305,Mitomycin,PubChem CID
CID000005978,DB00541,Vincristine,PubChem CID
CID000000444,DB01156,Bupropion,PubChem CID
CID000153941,DB00442,Entecavir,PubChem CID
CID000004075,DB00244,Mesalazine,PubChem CID
CID000003675,DB00780,Phenelzine,PubChem CID
CID000004585,DB00334,Olanzapine,PubChem CID
CID000005078,DB00953,Rizatriptan,PubChem CID
CID000041693,DB00708,Sufentanil,PubChem CID
CID000041781,DB00214,Torasemide,PubChem CID
CID000003869,DB00598,Labetalol,PubChem CID
CID000005372,DB00864,Tacrolimus,Connectivity InChIKey
CID000003961,DB00678,Losartan,PubChem CID
CID000213039,DB01264,Darunavir,PubChem CID
CID000004991,DB00545,Pyridostigmine,PubChem CID
CID000004091,DB00331,Metformin,PubChem CID
CID000005496,DB00684,Tobramycin,Connectivity InChIKey
CID000001117,DB14546,Sulfate ion,Full InChIKey
CID000005076,DB00503,Ritonavir,Connectivity InChIKey
CID000003962,DB00227,Lovastatin,Connectivity InChIKey
CID000003355,DB01195,Flecainide,Connectivity InChIKey
CID000002719,DB00608,Chloroquine,PubChem CID
CID000002712,DB00475,Chlordiazepoxide,PubChem CID
CID000002713,DB00878,Chlorhexidine,Full InChIKey
CID000657298,DB00550,Propylthiouracil,PubChem CID
CID000091270,DB00691,Moexipril,PubChem CID
CID000004200,,,Unmatched
CID000005412,,,Unmatched
CID000042113,DB01189,Desflurane,PubChem CID
CID000003108,DB00975,Dipyridamole,PubChem CID
CID000002250,DB01076,Atorvastatin,Connectivity InChIKey
CID000170361,DB01273,Varenicline,Full InChIKey
CID000002265,DB00993,Azathioprine,PubChem CID
CID000002801,DB01242,Clomipramine,PubChem CID
CID000034312,DB00776,Oxcarbazepine,PubChem CID
CID000072054,DB00496,Darifenacin,Connectivity InChIKey
CID000002749,DB01188,Ciclopirox,PubChem CID
CID000004168,DB01233,Metoclopramide,PubChem CID
CID000002720,DB00880,Chlorothiazide,PubChem CID
CID000154059,DB01591,Solifenacin,PubChem CID
CID000005394,DB00853,Temozolomide,PubChem CID
CID000004634,DB01062,Oxybutynin,PubChem CID
CID000002764,DB00537,Ciprofloxacin,PubChem CID
CID000000942,DB00184,Nicotine,Connectivity InChIKey
CID000002160,DB00321,Amitriptyline,PubChem CID
CID000004211,DB00648,Mitotane,PubChem CID
CID000004170,DB00524,Metolazone,PubChem CID
CID000004171,DB00264,Metoprolol,PubChem CID
CID000002550,DB01197,Captopril,Connectivity InChIKey
CID000004885,DB00413,Pramipexole,Connectivity InChIKey
CID000004616,DB00842,Oxazepam,PubChem CID
CID000004614,DB00991,Oxaprozin,PubChem CID
CID000003042,DB00804,Dicyclomine,PubChem CID
CID000005212,DB00203,Sildenafil,PubChem CID
CID000004609,,,Unmatched
CID000054547,DB01416,Cefpodoxime,Connectivity InChIKey
CID000001206,DB01577,Metamfetamine,Connectivity InChIKey
CID000004603,DB00198,Oseltamivir,Connectivity InChIKey
CID005487301,,,Unmatched
CID000047725,DB00014,Goserelin,Connectivity InChIKey
CID000125017,DB06700,Desvenlafaxine,PubChem CID
CID000004138,DB00968,Methyldopa,Connectivity InChIKey
CID000005719,DB00962,Zaleplon,PubChem CID
CID000005514,DB00273,Topiramate,Connectivity InChIKey
CID000003394,DB00712,Flurbiprofen,PubChem CID
CID000002311,DB00542,Benazepril,Connectivity InChIKey
CID000003148,DB00757,Dolasetron,Connectivity InChIKey
CID000147912,DB01263,Posaconazole,Connectivity InChIKey
CID000001775,DB00252,Phenytoin,PubChem CID
CID000003767,DB00951,Isoniazid,PubChem CID
CID000002658,DB01112,Cefuroxime,Connectivity InChIKey
CID000000861,DB00279,Liothyronine,Connectivity InChIKey
CID000002462,DB01222,Budesonide,Connectivity InChIKey
CID000125889,DB00230,Pregabalin,Connectivity InChIKey
CID000104741,DB00947,Fulvestrant,Connectivity InChIKey
CID000056339,DB01320,Fosphenytoin,PubChem CID
CID000003032,DB00586,Diclofenac,Connectivity InChIKey
CID000002187,DB01217,Anastrozole,PubChem CID
CID000002267,DB00972,Azelastine,PubChem CID
CID000001546,DB00242,Cladribine,Connectivity InChIKey
CID000002249,DB00335,Atenolol,PubChem CID
CID005311082,,,Unmatched
CID000003488,DB01016,Glyburide,PubChem CID
CID003002190,DB00976,Telithromycin,PubChem CID
CID000002951,DB01219,Dantrolene,Connectivity InChIKey
CID000004740,DB00806,Pentoxifylline,PubChem CID
CID000005253,DB00489,Sotalol,PubChem CID
CID000003249,DB00153,Ergocalciferol,Connectivity InChIKey
CID000003690,DB01181,Ifosfamide,PubChem CID
CID000005572,DB00376,Trihexyphenidyl,PubChem CID
CID000002955,DB00250,Dapsone,PubChem CID
CID000002818,DB00363,Clozapine,PubChem CID
CID000003379,DB00180,Flunisolide,Connectivity InChIKey
CID000004911,DB01032,Probenecid,PubChem CID
CID000005408,DB00624,Testosterone,Connectivity InChIKey
CID000002895,DB00924,Cyclobenzaprine,PubChem CID
CID000068740,DB00399,Zoledronic acid,PubChem CID
CID000008953,DB01390,Sodium bicarbonate,Full InChIKey
CID000051263,DB00802,Alfentanil,PubChem CID
CID000002435,DB00484,Brimonidine,PubChem CID
CID000002812,DB00257,Clotrimazole,PubChem CID
CID000002524,DB00136,Calcitriol,Connectivity InChIKey
CID000003706,DB00224,Indinavir,Connectivity InChIKey
CID000060871,DB00718,Adefovir dipivoxil,PubChem CID
CID000004943,DB00818,Propofol,PubChem CID
CID000003478,DB01067,Glipizide,PubChem CID
CID000005578,DB00440,Trimethoprim,PubChem CID
CID000060815,DB00899,Remifentanil,PubChem CID
CID000005401,DB01162,Terazosin,PubChem CID
CID000003652,DB01611,Hydroxychloroquine,PubChem CID
CID000000581,DB06151,Acetylcysteine,Connectivity InChIKey
CID000068844,DB01194,Brinzolamide,PubChem CID
CID005282226,DB00287,Travoprost,PubChem CID
CID000004409,DB00461,Nabumetone,PubChem CID
CID000004812,DB01022,Phylloquinone,Connectivity InChIKey
CID000002733,DB00356,Chlorzoxazone,PubChem CID
CID000003310,DB00773,Etoposide,Connectivity InChIKey
CID000005184,DB00747,Scopolamine,Connectivity InChIKey
CID000005073,DB00734,Risperidone,PubChem CID
CID000003350,DB01216,Finasteride,Connectivity InChIKey
CID000093860,DB00188,Bortezomib,Connectivity InChIKey
CID000064147,DB01610,Valganciclovir,PubChem CID
CID000003658,DB00557,Hydroxyzine,PubChem CID
CID006918453,DB00995,Auranofin,Connectivity InChIKey
CID005493381,DB01609,Deferasirox,PubChem CID
CID000005291,DB00619,Imatinib,PubChem CID
CID000150311,DB00973,Ezetimibe,PubChem CID
CID000002978,DB00470,Dronabinol,Connectivity InChIKey
CID000003339,DB01039,Fenofibrate,PubChem CID
CID000002476,DB00921,Buprenorphine,Connectivity InChIKey
CID000002308,,,Unmatched
CID000000143,DB00650,Leucovorin,Connectivity InChIKey
CID000000937,DB00627,Niacin,Connectivity InChIKey
CID000002786,DB01190,Clindamycin,Connectivity InChIKey
CID000005402,DB00857,Terbinafine,Connectivity InChIKey
CID000057537,DB05271,Rotigotine,Connectivity InChIKey
CID000001071,DB00162,Vitamin A,Connectivity InChIKey
CID000004513,DB00585,Nizatidine,Full InChIKey
CID000005596,DB00209,Trospium,Connectivity InChIKey
CID000016231,DB00594,Amiloride,PubChem CID
CID004479097,,,Unmatched
CID000054808,DB14596,Loteprednol etabonate,Connectivity InChIKey
CID000000191,DB00194,Vidarabine,Connectivity InChIKey
CID000002477,DB00490,Buspirone,PubChem CID
CID000003066,DB00320,Dihydroergotamine,Connectivity InChIKey
CID000003008,DB00514,Dextromethorphan,Connectivity InChIKey
CID000060754,DB00225,Gadodiamide,Salt-Stripped SMILES
CID000002676,DB00439,Cerivastatin,Connectivity InChIKey
CID000151165,DB00673,Aprepitant,Connectivity InChIKey
CID000054841,DB00289,Atomoxetine,PubChem CID
CID000004675,DB01337,Pancuronium,Connectivity InChIKey
CID000003168,DB00450,Droperidol,PubChem CID
CID000003476,DB00222,Glimepiride,PubChem CID
CID000004536,DB00717,Norethisterone,Connectivity InChIKey
CID000004873,DB00761,Potassium chloride,PubChem CID
CID000004205,DB00370,Mirtazapine,PubChem CID
CID000005002,DB01224,Quetiapine,PubChem CID
CID000002474,DB00297,Bupivacaine,PubChem CID
CID000003121,DB00313,Valproic acid,PubChem CID
CID000004730,DB00417,Phenoxymethylpenicillin,Connectivity InChIKey
CID000004845,DB01291,Pirbuterol,PubChem CID
CID000003467,DB00798,Gentamicin,PubChem CID
CID000000815,DB01172,Kanamycin,Connectivity InChIKey
CID000003763,DB00753,Isoflurane,PubChem CID
CID000004236,DB00745,Modafinil,PubChem CID
CID005282044,,,Unmatched
CID000504578,,,Unmatched
CID005362070,,,Unmatched
CID000003902,DB01006,Letrozole,PubChem CID
CID000003780,DB00883,Isosorbide dinitrate,Connectivity InChIKey
CID000065027,,,Unmatched
CID005362420,DB00460,Verteporfin,PubChem CID
CID000056959,DB00243,Ranolazine,PubChem CID
CID000444013,DB00538,Gadoversetamide,PubChem CID
CID000009052,,,Unmatched
CID000002269,DB00207,Azithromycin,Connectivity InChIKey
CID000110635,DB00820,Tadalafil,PubChem CID
CID000004044,DB00784,Mefenamic acid,PubChem CID
CID000005472,DB00208,Ticlopidine,PubChem CID
CID000001971,DB01048,Abacavir,Connectivity InChIKey
CID000005426,DB01041,Thalidomide,PubChem CID
CID000003454,DB01004,Ganciclovir,PubChem CID
CID000004449,DB01149,Nefazodone,PubChem CID
CID000072467,DB00290,Bleomycin,Connectivity InChIKey
CID000005454,DB01623,Thiothixene,Connectivity InChIKey
CID000003642,DB14540,Hydrocortisone butyrate,Connectivity InChIKey
CID000001046,DB00339,Pyrazinamide,PubChem CID
CID000001983,DB00316,Acetaminophen,PubChem CID
CID000131536,DB01319,Fosamprenavir,PubChem CID
CID000004178,DB00379,Mexiletine,PubChem CID
CID000003198,DB01127,Econazole,PubChem CID
CID000003928,DB01627,Lincomycin,Connectivity InChIKey
CID000004542,DB09389,Norgestrel,PubChem CID
CID005311027,DB00905,Bimatoprost,PubChem CID
CID000002142,DB00479,Amikacin,Connectivity InChIKey
CID000508230,,,Unmatched
CID000110634,DB00862,Vardenafil,PubChem CID
CID000024486,,,Unmatched
CID000004674,DB00282,Pamidronic acid,PubChem CID
CID000004828,DB00960,Pindolol,PubChem CID
CID000004428,DB00704,Naltrexone,Connectivity InChIKey
CID000004064,DB00371,Meprobamate,PubChem CID
CID000047320,DB00732,Atracurium besylate,PubChem CID
CID000071158,DB00659,Acamprosate,PubChem CID
CID000002949,DB01406,Danazol,Connectivity InChIKey
CID000001978,DB01193,Acebutolol,PubChem CID
CID000000158,DB00917,Dinoprostone,Connectivity InChIKey
CID000005771,,,Unmatched
CID000003461,DB00441,Gemcitabine,Connectivity InChIKey
CID000004993,DB00205,Pyrimethamine,PubChem CID
CID000054786,DB00374,Treprostinil,Connectivity InChIKey
CID000000564,DB00513,Aminocaproic acid,PubChem CID
CID000003724,DB01249,Iodixanol,PubChem CID
CID000176168,DB06792,Lanthanum carbonate,Salt-Stripped SMILES
CID000004095,DB00333,Methadone,PubChem CID
CID000004440,DB00952,Naratriptan,PubChem CID
CID000060184,DB00790,Perindopril,Connectivity InChIKey
CID000024011,,,Unmatched
CID000148211,DB00377,Palonosetron,Connectivity InChIKey
CID000000085,DB00583,Levocarnitine,Connectivity InChIKey
CID000003702,DB00808,Indapamide,PubChem CID
CID000013342,DB00570,Vinblastine,PubChem CID
CID000004834,DB00319,Piperacillin,Connectivity InChIKey
CID000005466,DB00906,Tiagabine,Connectivity InChIKey
CID000002099,DB00969,Alosetron,PubChem CID
CID000123631,DB00317,Gefitinib,PubChem CID
CID000002375,DB01128,Bicalutamide,PubChem CID
CID000003117,DB00822,Disulfiram,PubChem CID
CID000002646,DB01150,Cefprozil,Connectivity InChIKey
CID000002512,DB00248,Cabergoline,Connectivity InChIKey
CID000003114,DB00280,Disopyramide,PubChem CID
CID000003414,DB00529,Foscarnet,Connectivity InChIKey
CID000003059,DB00861,Diflunisal,PubChem CID
CID000148192,DB01072,Atazanavir,PubChem CID
CID003062316,DB01254,Dasatinib,PubChem CID
CID000002995,DB01151,Desipramine,PubChem CID
CID000005878,DB00621,Oxandrolone,PubChem CID
CID000002141,DB01143,Amifostine,PubChem CID
CID000005381,DB00799,Tazarotene,PubChem CID
CID000004771,DB00191,Phentermine,PubChem CID
CID000060787,DB01232,Saquinavir,Connectivity InChIKey
CID000060877,DB00879,Emtricitabine,PubChem CID
CID000003827,DB00920,Ketotifen,PubChem CID
CID000003821,DB01221,Ketamine,PubChem CID
CID000002130,DB00915,Amantadine,PubChem CID
CID000005453,DB04572,Thiotepa,PubChem CID
CID000003373,DB01205,Flumazenil,PubChem CID
CID000003372,DB00623,Fluphenazine,PubChem CID
CID000002519,DB00201,Caffeine,PubChem CID
CID000041317,DB00459,Acitretin,Connectivity InChIKey
CID000115237,DB01267,Paliperidone,PubChem CID
CID000005352,DB00605,Sulindac,Connectivity InChIKey
CID000003040,DB00485,Dicloxacillin,Connectivity InChIKey
CID000197712,DB06403,Ambrisentan,Connectivity InChIKey
CID000060164,DB00210,Adapalene,PubChem CID
CID000004748,DB00850,Perphenazine,PubChem CID
CID000004745,DB01186,Pergolide,Connectivity InChIKey
CID000002478,DB01008,Busulfan,PubChem CID
CID000003278,DB00903,Etacrynic acid,PubChem CID
CID000002622,DB01413,Cefepime,Connectivity InChIKey
CID000003741,DB09134,Ioversol,PubChem CID
CID000002610,DB01140,Cefadroxil,Connectivity InChIKey
CID000004819,DB01085,Pilocarpine,Connectivity InChIKey
CID000005593,DB00809,Tropicamide,PubChem CID
CID000003914,DB01210,Levobunolol,Connectivity InChIKey
CID000003784,DB00270,Isradipine,PubChem CID
CID000014888,,,Unmatched
CID000002708,DB00291,Chlorambucil,PubChem CID
CID000003397,DB00499,Flutamide,PubChem CID
CID006436173,DB01220,Rifaximin,PubChem CID
CID000000119,DB02530,gamma-Aminobutyric acid,PubChem CID
CID001349907,DB00763,Methimazole,PubChem CID
CID000004053,DB01042,Melphalan,Connectivity InChIKey
CID000060612,DB11428,Medetomidine,Full InChIKey
CID000003964,DB00408,Loxapine,PubChem CID
CID000004425,DB01183,Naloxone,Connectivity InChIKey
CID000002274,DB00355,Aztreonam,Connectivity InChIKey
CID000150310,DB00700,Eplerenone,Connectivity InChIKey
CID000005525,DB00519,Trandolapril,Connectivity InChIKey
CID000004727,DB00859,Penicillamine,Connectivity InChIKey
CID000003384,DB00324,Fluorometholone,Connectivity InChIKey
CID000002973,DB00746,Deferoxamine,PubChem CID
CID000003494,DB00986,Glycopyrronium,Full InChIKey
CID000002349,DB01053,Benzylpenicillin,Connectivity InChIKey
CID000002283,,,Unmatched
CID006435110,DB00602,Ivermectin,Connectivity InChIKey
CID000005297,DB01082,Streptomycin,Connectivity InChIKey
CID000005515,DB01030,Topotecan,Connectivity InChIKey
CID000048175,,,Unmatched
CID000002637,DB01331,Cefoxitin,Connectivity InChIKey
CID000027991,DB00035,Desmopressin,Connectivity InChIKey
CID000002177,DB00701,Amprenavir,Connectivity InChIKey
CID000060696,DB00728,Rocuronium,Connectivity InChIKey
CID000004739,DB00552,Pentostatin,Connectivity InChIKey
CID000077992,DB00998,Frovatriptan,PubChem CID
CID000002019,DB00970,Dactinomycin,Connectivity InChIKey
CID004659569,DB00323,Tolcapone,PubChem CID
CID000004607,DB00713,Oxacillin,Connectivity InChIKey
CID000005052,DB00206,Reserpine,Connectivity InChIKey
CID000119182,DB00631,Clofarabine,PubChem CID
CID000005215,DB00359,Sulfadiazine,PubChem CID
CID000005486,DB00775,Tirofiban,Connectivity InChIKey
CID000145068,DB00435,Nitric Oxide,PubChem CID
CID000003637,DB01275,Hydralazine,PubChem CID
CID000072938,DB01155,Gemifloxacin,Connectivity InChIKey
CID000003382,DB01047,Fluocinonide,Connectivity InChIKey
CID000004140,DB00353,Methylergometrine,Connectivity InChIKey
CID000004195,DB00211,Midodrine,PubChem CID
CID000002215,DB00714,Apomorphine,Connectivity InChIKey
CID000000298,DB00446,Chloramphenicol,Connectivity InChIKey
CID000444033,DB01410,Ciclesonide,Connectivity InChIKey
CID000082146,DB00307,Bexarotene,PubChem CID
CID000004932,DB01182,Propafenone,PubChem CID
CID000002266,DB00548,Azelaic acid,PubChem CID
CID000002369,DB00195,Betaxolol,PubChem CID
CID000002232,DB00278,Argatroban,Connectivity InChIKey
CID005473385,,,Unmatched
CID000003291,DB00593,Ethosuximide,PubChem CID
CID000002725,DB01114,Chlorpheniramine,PubChem CID
CID000002675,DB00671,Cefixime,Connectivity InChIKey
CID000004645,,,Unmatched
CID000004913,DB01035,Procainamide,PubChem CID
CID000001134,DB01265,Telbivudine,Connectivity InChIKey
CID000071273,DB00296,Ropivacaine,Connectivity InChIKey
CID000003562,DB01159,Halothane,PubChem CID
CID000002551,DB00411,Carbamoylcholine,Full InChIKey
CID000002727,DB00672,Chlorpropamide,PubChem CID
CID000002673,DB01333,Cefradine,Connectivity InChIKey
CID000002370,DB01019,Bethanechol,PubChem CID
CID000039860,DB00486,Nabilone,Connectivity InChIKey
CID000005721,DB00558,Zanamivir,Connectivity InChIKey
CID000012620,DB00632,Docosanol,PubChem CID
CID000040976,DB00294,Etonogestrel,Connectivity InChIKey
CID000005070,DB00740,Riluzole,PubChem CID
CID000051634,DB00419,Miglustat,PubChem CID
CID000003381,DB00591,Fluocinolone acetonide,Connectivity InChIKey
CID000002170,DB00543,Amoxapine,PubChem CID
CID003086258,,,Unmatched
CID009571074,DB01066,Cefditoren,Connectivity InChIKey
CID000004011,DB00934,Maprotiline,PubChem CID
CID000002182,DB00261,Anagrelide,PubChem CID
CID000005482,DB01007,Tioconazole,PubChem CID
